id,Category,len,attr_1,attr_2,attr_3,attr_4,attr_5,attr_6,attr_7,attr_8,attr_9,attr_10
55651,Women Tops & Tunics,10,,fitted,,,,,,,,default
58474,Women Tops & Tunics,10,black,fitted,crop,default,casual,solid,solid,short sleeves,regular sleeves,knitted
2513,Men Tshirts,5,multicolor,polo,solid,solid,short sleeves,,,,,
62388,Women Tops & Tunics,10,,,,,,solid,,,puff sleeves,
36084,Women Tshirts,8,default,regular,regular,default,default,short sleeves,regular sleeves,,,
17912,Sarees,10,same as saree,woven design,small border,multicolor,party,jacquard,woven design,zari woven,applique,no
49503,Women Tshirts,8,white,regular,regular,printed,typography,short sleeves,regular sleeves,,,
14881,Sarees,10,same as saree,woven design,big border,multicolor,party,jacquard,woven design,zari woven,,no
29008,Kurtis,9,red,,,daily,net,solid,,short sleeves,regular,
58974,Women Tops & Tunics,10,multicolor,regular,regular,v-neck,casual,printed,default,short sleeves,puff sleeves,
15879,Sarees,10,,zari,small border,cream,party,,,zari woven,ethnic motif,no
15247,Sarees,10,same as saree,woven design,small border,multicolor,party,jacquard,woven design,zari woven,,no
31907,Kurtis,9,maroon,,knee length,daily,,,,short sleeves,regular,
36986,Women Tshirts,8,yellow,loose,long,printed,typography,short sleeves,regular sleeves,,,
2978,Men Tshirts,5,black,round,printed,default,short sleeves,,,,,
22940,Sarees,10,,zari,small border,cream,party,,,zari woven,floral,no
45290,Women Tshirts,8,maroon,regular,regular,printed,typography,short sleeves,regular sleeves,,,
63251,Women Tops & Tunics,10,,,,high,casual,solid,solid,,regular sleeves,
24590,Sarees,10,same as saree,zari,small border,white,party,,same as saree,zari woven,floral,no
60920,Women Tops & Tunics,10,blue,,regular,,,,,,,knitted
16308,Sarees,10,same as saree,woven design,small border,multicolor,party,jacquard,woven design,zari woven,applique,no
62783,Women Tops & Tunics,10,black,default,regular,round neck,casual,solid,solid,long sleeves,regular sleeves,applique
65328,Women Tops & Tunics,10,white,regular,crop,round neck,casual,printed,quirky,short sleeves,regular sleeves,default
49369,Women Tshirts,8,,regular,crop,,typography,short sleeves,regular sleeves,,,
843,Men Tshirts,5,default,polo,solid,solid,short sleeves,,,,,
52172,Women Tops & Tunics,10,,regular,regular,round neck,casual,,,,puff sleeves,knitted
37918,Women Tshirts,8,default,regular,regular,printed,default,short sleeves,regular sleeves,,,
5776,Men Tshirts,5,,polo,,solid,short sleeves,,,,,
55017,Women Tops & Tunics,10,default,regular,regular,round neck,casual,printed,floral,short sleeves,default,default
58623,Women Tops & Tunics,10,,,crop,square neck,casual,,solid,,,
41484,Women Tshirts,8,default,regular,crop,printed,default,short sleeves,regular sleeves,,,
67456,Women Tops & Tunics,10,white,,regular,,,,solid,,,
68898,Women Tops & Tunics,10,white,boxy,crop,round neck,casual,printed,quirky,short sleeves,regular sleeves,
16915,Sarees,10,,zari,small border,cream,party,,,zari woven,default,no
24061,Sarees,10,same as saree,woven design,big border,multicolor,party,jacquard,woven design,zari woven,,no
31176,Kurtis,9,red,,,daily,,,solid,three-quarter sleeves,regular,
10805,Sarees,10,same as saree,woven design,small border,multicolor,party,jacquard,woven design,zari woven,applique,no
41850,Women Tshirts,8,multicolor,regular,regular,default,,short sleeves,regular sleeves,,,
24626,Sarees,10,,woven design,big border,default,traditional,,,zari woven,default,no
52581,Women Tops & Tunics,10,pink,,regular,,,solid,solid,,puff sleeves,
37538,Women Tshirts,8,default,boxy,crop,printed,funky print,short sleeves,regular sleeves,,,
44410,Women Tshirts,8,yellow,regular,crop,printed,typography,short sleeves,regular sleeves,,,
68280,Women Tops & Tunics,10,yellow,fitted,crop,square neck,party,solid,solid,short sleeves,puff sleeves,
65769,Women Tops & Tunics,10,maroon,regular,crop,round neck,casual,printed,typography,long sleeves,default,
17313,Sarees,10,same as saree,woven design,small border,multicolor,party,jacquard,woven design,zari woven,applique,no
30295,Kurtis,9,black,,,daily,,,default,short sleeves,regular,
61196,Women Tops & Tunics,10,pink,regular,regular,high,casual,printed,floral,,puff sleeves,
33344,Women Tshirts,8,black,regular,long,printed,funky print,default,regular sleeves,,,
18244,Sarees,10,same as saree,zari,small border,cream,party,default,same as saree,zari woven,default,no
27839,Kurtis,9,orange,a-line,calf length,party,,default,default,three-quarter sleeves,regular,
4545,Men Tshirts,5,default,round,printed,typography,short sleeves,,,,,
23832,Sarees,10,,,,multicolor,,,,,,
38318,Women Tshirts,8,default,regular,crop,printed,quirky,short sleeves,regular sleeves,,,
36633,Women Tshirts,8,black,loose,regular,printed,graphic,short sleeves,regular sleeves,,,
60715,Women Tops & Tunics,10,navy blue,fitted,,,casual,,solid,long sleeves,regular sleeves,
8540,Sarees,10,,zari,small border,cream,party,,,zari woven,peacock,no
16737,Sarees,10,,woven design,,multicolor,wedding,,,,,no
39071,Women Tshirts,8,pink,,crop,,,short sleeves,,default,,
6826,Men Tshirts,5,white,round,,,,,,,,
45069,Women Tshirts,8,,,,,,,,default,,
45192,Women Tshirts,8,black,regular,crop,printed,typography,short sleeves,regular sleeves,,,
20922,Sarees,10,same as saree,woven design,big border,multicolor,daily,,same as saree,zari woven,ethnic motif,no
3596,Men Tshirts,5,white,round,printed,default,short sleeves,,,,,
17250,Sarees,10,,zari,small border,cream,traditional,,,zari woven,floral,no
3741,Men Tshirts,5,default,round,printed,default,short sleeves,,,,,
70029,Women Tops & Tunics,10,,,,,,,,,puff sleeves,knitted
35010,Women Tshirts,8,default,regular,regular,default,default,short sleeves,regular sleeves,,,
9885,Sarees,10,,zari,big border,default,traditional,,,zari woven,peacock,no
22020,Sarees,10,,default,big border,multicolor,wedding,,same as saree,zari woven,default,no
15560,Sarees,10,same as saree,woven design,big border,multicolor,party,jacquard,woven design,zari woven,,no
31937,Kurtis,9,red,,knee length,daily,,,,three-quarter sleeves,regular,
10121,Sarees,10,same as saree,zari,big border,default,daily,,zari woven,solid,solid,no
46649,Women Tshirts,8,default,,,,,,,,,
53282,Women Tops & Tunics,10,multicolor,default,,,casual,solid,,,,
37350,Women Tshirts,8,default,,,printed,funky print,default,regular sleeves,,,
29402,Kurtis,9,black,,,daily,net,default,default,three-quarter sleeves,regular,
33354,Women Tshirts,8,white,loose,long,printed,graphic,default,regular sleeves,,,
8504,Sarees,10,,woven design,big border,default,traditional,,,zari woven,ethnic motif,no
21079,Sarees,10,,woven design,,multicolor,wedding,,,,,no
39614,Women Tshirts,8,black,regular,regular,printed,funky print,short sleeves,regular sleeves,,,
6214,Men Tshirts,5,,,,solid,,,,,,
60152,Women Tops & Tunics,10,black,default,crop,v-neck,casual,solid,solid,long sleeves,regular sleeves,applique
7842,Sarees,10,,woven design,big border,multicolor,wedding,,zari woven,zari woven,default,no
21815,Sarees,10,,zari,small border,cream,party,,,zari woven,default,no
12512,Sarees,10,same as saree,zari,small border,cream,traditional,jacquard,woven design,zari woven,peacock,no
9109,Sarees,10,,zari,small border,cream,party,,,zari woven,peacock,no
54455,Women Tops & Tunics,10,,,regular,,,,,short sleeves,default,
13037,Sarees,10,,woven design,big border,multicolor,daily,,,zari woven,default,no
13197,Sarees,10,,zari,small border,cream,party,,,zari woven,floral,no
64099,Women Tops & Tunics,10,white,boxy,crop,round neck,casual,printed,graphic,long sleeves,regular sleeves,
49072,Women Tshirts,8,white,,regular,printed,typography,short sleeves,regular sleeves,,,
51714,Women Tops & Tunics,10,,,,,,default,,,puff sleeves,
53244,Women Tops & Tunics,10,,fitted,crop,high,casual,printed,default,long sleeves,,waist tie-ups
65192,Women Tops & Tunics,10,black,fitted,crop,default,casual,solid,solid,sleeveless,default,
11426,Sarees,10,,zari,small border,cream,party,,,zari woven,peacock,no
3651,Men Tshirts,5,white,round,printed,default,short sleeves,,,,,
32383,Kurtis,9,multicolor,,,daily,,,,three-quarter sleeves,regular,
12285,Sarees,10,,zari,small border,cream,party,,,zari woven,floral,no
16181,Sarees,10,,temple border,small border,white,party,,,zari woven,peacock,no
31605,Kurtis,9,black,,,daily,,,,three-quarter sleeves,regular,
68407,Women Tops & Tunics,10,multicolor,regular,regular,default,casual,solid,solid,three-quarter sleeves,regular sleeves,tie-ups
63048,Women Tops & Tunics,10,,,,round neck,,solid,,,puff sleeves,knitted
3410,Men Tshirts,5,multicolor,polo,solid,solid,short sleeves,,,,,
12310,Sarees,10,,zari,big border,default,traditional,,zari woven,zari woven,default,no
54460,Women Tops & Tunics,10,white,regular,crop,round neck,casual,printed,typography,short sleeves,regular sleeves,waist tie-ups
25442,Sarees,10,same as border,zari,big border,default,daily,,zari woven,solid,solid,no
16843,Sarees,10,same as border,temple border,big border,navy blue,party,jacquard,zari woven,solid,solid,no
31642,Kurtis,9,navy blue,,,daily,,,default,short sleeves,regular,
69704,Women Tops & Tunics,10,,fitted,regular,,,,,long sleeves,puff sleeves,knitted
740,Men Tshirts,5,default,polo,solid,solid,short sleeves,,,,,
2626,Men Tshirts,5,multicolor,round,printed,default,short sleeves,,,,,
10926,Sarees,10,,zari,big border,pink,traditional,,zari woven,zari woven,ethnic motif,no
42216,Women Tshirts,8,white,regular,crop,printed,default,long sleeves,regular sleeves,,,
49281,Women Tshirts,8,white,regular,regular,printed,typography,short sleeves,regular sleeves,,,
56581,Women Tops & Tunics,10,default,fitted,crop,round neck,casual,solid,solid,long sleeves,regular sleeves,waist tie-ups
27705,Kurtis,9,black,straight,knee length,daily,net,default,default,three-quarter sleeves,regular,
4000,Men Tshirts,5,white,,printed,default,,,,,,
45652,Women Tshirts,8,black,regular,crop,printed,typography,short sleeves,regular sleeves,,,
17837,Sarees,10,same as saree,woven design,big border,multicolor,party,jacquard,woven design,zari woven,,no
50027,Women Tshirts,8,white,,,printed,typography,,,,,
26057,Kurtis,9,maroon,a-line,calf length,daily,net,solid,solid,three-quarter sleeves,regular,
57173,Women Tops & Tunics,10,maroon,fitted,regular,stylised,casual,solid,solid,short sleeves,puff sleeves,knitted
27399,Kurtis,9,black,a-line,knee length,,net,solid,solid,three-quarter sleeves,regular,
11683,Sarees,10,same as saree,zari,small border,cream,party,jacquard,woven design,zari woven,floral,no
14788,Sarees,10,same as saree,temple border,big border,default,party,,zari woven,solid,solid,yes
50381,Women Tshirts,8,white,,regular,printed,typography,short sleeves,regular sleeves,,,
46541,Women Tshirts,8,default,,,,,,,,,
54909,Women Tops & Tunics,10,,,,square neck,,solid,,short sleeves,,
23395,Sarees,10,,zari,small border,cream,party,,,zari woven,botanical,no
48558,Women Tshirts,8,,,,,,,,default,,
55859,Women Tops & Tunics,10,yellow,regular,,,,,default,,,
26210,Kurtis,9,maroon,straight,knee length,daily,net,default,default,three-quarter sleeves,regular,
3954,Men Tshirts,5,black,round,solid,solid,short sleeves,,,,,
27504,Kurtis,9,navy blue,,,party,default,default,default,three-quarter sleeves,regular,
66504,Women Tops & Tunics,10,black,fitted,regular,sweetheart neck,casual,printed,default,short sleeves,,knitted
23780,Sarees,10,same as saree,zari,small border,cream,party,jacquard,woven design,zari woven,floral,no
8150,Sarees,10,,zari,big border,default,traditional,,zari woven,zari woven,default,no
24970,Sarees,10,default,zari,small border,default,traditional,tassels and latkans,same as saree,zari woven,peacock,no
7261,Men Tshirts,5,,,printed,,short sleeves,,,,,
32757,Women Tshirts,8,default,boxy,crop,printed,funky print,long sleeves,cuffed sleeves,,,
30389,Kurtis,9,black,,,daily,net,solid,,three-quarter sleeves,regular,
48587,Women Tshirts,8,black,regular,crop,printed,typography,short sleeves,regular sleeves,,,
4862,Men Tshirts,5,multicolor,polo,,solid,,,,,,
57734,Women Tops & Tunics,10,white,regular,regular,round neck,casual,printed,,short sleeves,,
22201,Sarees,10,,woven design,,multicolor,traditional,,,,,no
28942,Kurtis,9,green,a-line,,daily,,solid,solid,three-quarter sleeves,regular,
46878,Women Tshirts,8,white,regular,crop,printed,funky print,short sleeves,regular sleeves,,,
69661,Women Tops & Tunics,10,black,fitted,regular,high,casual,solid,solid,long sleeves,puff sleeves,knitted
65056,Women Tops & Tunics,10,white,,,,casual,,,short sleeves,,
44976,Women Tshirts,8,default,regular,crop,printed,typography,short sleeves,regular sleeves,,,
64230,Women Tops & Tunics,10,default,regular,regular,round neck,casual,printed,,short sleeves,,
33652,Women Tshirts,8,default,regular,crop,printed,quirky,long sleeves,cuffed sleeves,,,
7647,Sarees,10,,zari,small border,white,traditional,,same as saree,zari woven,ethnic motif,no
21577,Sarees,10,,solid,small border,cream,party,,,woven design,floral,yes
45978,Women Tshirts,8,default,regular,crop,printed,typography,short sleeves,regular sleeves,,,
65918,Women Tops & Tunics,10,red,fitted,regular,round neck,casual,solid,solid,long sleeves,regular sleeves,knitted
42121,Women Tshirts,8,,,,printed,,short sleeves,regular sleeves,default,,
37132,Women Tshirts,8,default,loose,regular,printed,funky print,short sleeves,regular sleeves,,,
48527,Women Tshirts,8,white,regular,regular,printed,graphic,,,,,
48628,Women Tshirts,8,default,regular,crop,printed,typography,short sleeves,regular sleeves,,,
621,Men Tshirts,5,default,polo,solid,solid,short sleeves,,,,,
42529,Women Tshirts,8,black,loose,regular,printed,typography,short sleeves,regular sleeves,,,
45898,Women Tshirts,8,white,,,printed,,,,,,
4866,Men Tshirts,5,black,round,,default,short sleeves,,,,,
3961,Men Tshirts,5,default,round,printed,default,short sleeves,,,,,
56623,Women Tops & Tunics,10,default,regular,crop,round neck,casual,default,default,short sleeves,regular sleeves,
4074,Men Tshirts,5,,round,printed,typography,short sleeves,,,,,
51454,Women Tops & Tunics,10,black,fitted,regular,round neck,casual,solid,solid,short sleeves,puff sleeves,
67010,Women Tops & Tunics,10,white,fitted,regular,square neck,casual,solid,solid,three-quarter sleeves,,knitted
42388,Women Tshirts,8,white,,crop,printed,quirky,long sleeves,regular sleeves,,,
14290,Sarees,10,,woven design,,multicolor,traditional,,,,,no
31260,Kurtis,9,maroon,,,daily,,,,short sleeves,regular,
56254,Women Tops & Tunics,10,white,boxy,crop,round neck,casual,printed,typography,long sleeves,regular sleeves,
69481,Women Tops & Tunics,10,,,,,,,,,default,
60524,Women Tops & Tunics,10,,,,,,,,,,default
70001,Women Tops & Tunics,10,red,regular,crop,default,casual,printed,solid,short sleeves,,default
17334,Sarees,10,,zari,small border,white,party,,,zari woven,ethnic motif,yes
69705,Women Tops & Tunics,10,,default,crop,,,,solid,sleeveless,,
33169,Women Tshirts,8,default,loose,long,printed,quirky,short sleeves,regular sleeves,,,
58131,Women Tops & Tunics,10,default,regular,,,,,solid,,,
65750,Women Tops & Tunics,10,white,regular,regular,high,casual,solid,solid,short sleeves,regular sleeves,
28687,Kurtis,9,black,a-line,calf length,daily,net,,,three-quarter sleeves,regular,
1834,Men Tshirts,5,black,round,printed,default,short sleeves,,,,,
20698,Sarees,10,,,big border,default,traditional,,zari woven,zari woven,default,no
29440,Kurtis,9,green,,knee length,daily,,,,three-quarter sleeves,regular,
69674,Women Tops & Tunics,10,yellow,regular,,round neck,,printed,,short sleeves,default,
57096,Women Tops & Tunics,10,white,fitted,crop,round neck,casual,printed,typography,short sleeves,regular sleeves,
55056,Women Tops & Tunics,10,pink,default,,v-neck,,,,long sleeves,,
53711,Women Tops & Tunics,10,black,regular,crop,default,casual,solid,solid,short sleeves,regular sleeves,
57995,Women Tops & Tunics,10,pink,regular,regular,round neck,casual,solid,solid,short sleeves,regular sleeves,ruffles
40244,Women Tshirts,8,maroon,regular,crop,printed,funky print,short sleeves,regular sleeves,,,
46221,Women Tshirts,8,black,regular,crop,printed,typography,short sleeves,regular sleeves,,,
48704,Women Tshirts,8,,,regular,,quirky,,regular sleeves,,,
41119,Women Tshirts,8,default,regular,regular,printed,funky print,short sleeves,regular sleeves,,,
66077,Women Tops & Tunics,10,,,,,,printed,,sleeveless,,default
18462,Sarees,10,,temple border,small border,cream,party,,,zari woven,peacock,no
20565,Sarees,10,same as border,woven design,big border,default,traditional,,zari woven,default,default,no
15788,Sarees,10,same as saree,woven design,big border,multicolor,daily,,same as saree,zari woven,default,no
1090,Men Tshirts,5,multicolor,polo,solid,solid,short sleeves,,,,,
48683,Women Tshirts,8,default,,,printed,typography,short sleeves,regular sleeves,,,
3931,Men Tshirts,5,white,polo,solid,solid,short sleeves,,,,,
27446,Kurtis,9,blue,,,party,default,default,default,three-quarter sleeves,regular,
12535,Sarees,10,same as saree,woven design,big border,multicolor,party,jacquard,woven design,zari woven,,no
26665,Kurtis,9,black,straight,knee length,daily,net,default,default,three-quarter sleeves,regular,
69479,Women Tops & Tunics,10,maroon,default,crop,v-neck,casual,solid,solid,long sleeves,regular sleeves,applique
68161,Women Tops & Tunics,10,peach,fitted,regular,round neck,casual,solid,solid,short sleeves,,knitted
7073,Men Tshirts,5,,,printed,,,,,,,
394,Men Tshirts,5,multicolor,round,,default,long sleeves,,,,,
24247,Sarees,10,same as saree,woven design,big border,default,wedding,,same as saree,zari woven,default,no
5917,Men Tshirts,5,,round,printed,,,,,,,
35107,Women Tshirts,8,pink,,regular,printed,quirky,short sleeves,regular sleeves,,,
8550,Sarees,10,,woven design,big border,default,traditional,,same as saree,zari woven,ethnic motif,no
50257,Women Tshirts,8,white,regular,regular,printed,typography,short sleeves,regular sleeves,,,
17747,Sarees,10,same as saree,solid,small border,white,wedding,default,zari woven,zari woven,ethnic motif,no
46944,Women Tshirts,8,black,regular,crop,printed,typography,short sleeves,regular sleeves,,,
69542,Women Tops & Tunics,10,default,,,,casual,,,long sleeves,regular sleeves,knitted
40654,Women Tshirts,8,yellow,regular,regular,printed,default,short sleeves,regular sleeves,,,
37072,Women Tshirts,8,black,regular,long,printed,default,short sleeves,regular sleeves,,,
36050,Women Tshirts,8,yellow,regular,crop,printed,typography,default,,,,
51440,Women Tops & Tunics,10,pink,,,,,,,,,
67746,Women Tops & Tunics,10,multicolor,fitted,regular,square neck,casual,solid,solid,long sleeves,regular sleeves,default
59965,Women Tops & Tunics,10,,default,crop,v-neck,,,,sleeveless,,
15089,Sarees,10,,zari,small border,white,traditional,,,zari woven,ethnic motif,no
41260,Women Tshirts,8,multicolor,regular,regular,printed,default,short sleeves,regular sleeves,,,
25071,Sarees,10,,zari,big border,white,party,,,zari woven,peacock,no
41723,Women Tshirts,8,multicolor,regular,regular,printed,default,short sleeves,regular sleeves,,,
5276,Men Tshirts,5,default,polo,solid,solid,short sleeves,,,,,
53140,Women Tops & Tunics,10,,fitted,regular,,casual,,,short sleeves,puff sleeves,
25050,Sarees,10,same as border,temple border,small border,default,daily,jacquard,zari woven,solid,solid,yes
8470,Sarees,10,same as saree,woven design,small border,multicolor,party,jacquard,woven design,zari woven,applique,no
8728,Sarees,10,,no border,no border,navy blue,party,,zari woven,zari woven,default,no
10294,Sarees,10,,woven design,,multicolor,wedding,,,,,no
13766,Sarees,10,,zari,small border,cream,party,,,zari woven,floral,yes
11524,Sarees,10,same as saree,woven design,small border,multicolor,party,jacquard,woven design,zari woven,,no
65627,Women Tops & Tunics,10,maroon,,crop,,casual,,,,,knitted
67793,Women Tops & Tunics,10,,fitted,regular,,casual,printed,,long sleeves,regular sleeves,
63864,Women Tops & Tunics,10,white,regular,crop,round neck,casual,printed,quirky,short sleeves,regular sleeves,default
50839,Women Tshirts,8,white,,regular,printed,typography,short sleeves,regular sleeves,,,
36099,Women Tshirts,8,black,regular,crop,printed,typography,long sleeves,cuffed sleeves,,,
37704,Women Tshirts,8,yellow,regular,regular,printed,solid,long sleeves,regular sleeves,,,
29573,Kurtis,9,black,,knee length,daily,,solid,,short sleeves,regular,
42011,Women Tshirts,8,yellow,regular,regular,printed,graphic,short sleeves,regular sleeves,,,
40429,Women Tshirts,8,yellow,,regular,printed,typography,short sleeves,,,,
16302,Sarees,10,,zari,small border,cream,party,,,zari woven,default,no
23317,Sarees,10,,zari,small border,cream,party,,,zari woven,floral,no
47998,Women Tshirts,8,yellow,regular,regular,printed,typography,short sleeves,regular sleeves,,,
45702,Women Tshirts,8,white,regular,regular,printed,funky print,short sleeves,regular sleeves,,,
53665,Women Tops & Tunics,10,navy blue,fitted,regular,square neck,casual,solid,solid,three-quarter sleeves,default,knitted
61704,Women Tops & Tunics,10,default,regular,regular,stylised,casual,solid,solid,short sleeves,puff sleeves,
64596,Women Tops & Tunics,10,black,regular,crop,default,casual,solid,solid,short sleeves,regular sleeves,
17282,Sarees,10,same as saree,woven design,small border,multicolor,party,jacquard,woven design,zari woven,applique,no
55855,Women Tops & Tunics,10,blue,,,round neck,,,,short sleeves,,knitted
22888,Sarees,10,,temple border,small border,cream,party,,,zari woven,peacock,yes
58355,Women Tops & Tunics,10,pink,boxy,crop,round neck,casual,printed,typography,short sleeves,regular sleeves,
17143,Sarees,10,,zari,small border,white,party,,,zari woven,peacock,no
55275,Women Tops & Tunics,10,white,boxy,crop,round neck,casual,printed,typography,short sleeves,regular sleeves,
62343,Women Tops & Tunics,10,,,,high,,,,,,
53548,Women Tops & Tunics,10,peach,,,,,,,,,knitted
69780,Women Tops & Tunics,10,black,regular,crop,round neck,casual,printed,default,short sleeves,regular sleeves,tie-ups
49627,Women Tshirts,8,white,,regular,printed,typography,short sleeves,regular sleeves,,,
12622,Sarees,10,,woven design,,multicolor,wedding,,,,,no
47392,Women Tshirts,8,default,,crop,printed,typography,,,,,
14607,Sarees,10,,zari,small border,white,party,,,zari woven,botanical,no
33922,Women Tshirts,8,black,,crop,printed,typography,default,,,,
40379,Women Tshirts,8,maroon,regular,crop,printed,funky print,short sleeves,regular sleeves,,,
43433,Women Tshirts,8,black,regular,crop,printed,graphic,short sleeves,regular sleeves,,,
38342,Women Tshirts,8,yellow,regular,crop,printed,default,short sleeves,regular sleeves,,,
25426,Sarees,10,,temple border,small border,cream,party,,,zari woven,ethnic motif,no
50884,Women Tshirts,8,white,,,,,,,,,
37455,Women Tshirts,8,white,loose,long,printed,graphic,short sleeves,regular sleeves,,,
39306,Women Tshirts,8,pink,regular,regular,printed,default,short sleeves,regular sleeves,,,
24683,Sarees,10,,zari,small border,cream,party,,,woven design,floral,no
30340,Kurtis,9,black,straight,,daily,,,default,three-quarter sleeves,regular,
6940,Men Tshirts,5,,,,default,,,,,,
52951,Women Tops & Tunics,10,blue,,regular,,,solid,,,default,
56697,Women Tops & Tunics,10,default,,regular,,,,,,,
8561,Sarees,10,,zari,big border,green,traditional,,,zari woven,default,no
5345,Men Tshirts,5,white,round,printed,default,short sleeves,,,,,
37273,Women Tshirts,8,default,regular,regular,printed,graphic,long sleeves,regular sleeves,,,
43651,Women Tshirts,8,default,regular,crop,printed,typography,short sleeves,regular sleeves,,,
7402,Men Tshirts,5,,round,,,,,,,,
61647,Women Tops & Tunics,10,black,boxy,crop,round neck,casual,printed,typography,short sleeves,regular sleeves,
3775,Men Tshirts,5,white,round,printed,typography,short sleeves,,,,,
67613,Women Tops & Tunics,10,default,,,,,,,,,
55744,Women Tops & Tunics,10,green,boxy,crop,round neck,,printed,typography,long sleeves,regular sleeves,
60102,Women Tops & Tunics,10,pink,fitted,regular,square neck,casual,solid,solid,three-quarter sleeves,regular sleeves,knitted
67319,Women Tops & Tunics,10,white,fitted,regular,high,casual,solid,solid,three-quarter sleeves,,ruffles
28000,Kurtis,9,purple,a-line,calf length,daily,,solid,solid,three-quarter sleeves,regular,
27822,Kurtis,9,green,a-line,knee length,,,solid,solid,three-quarter sleeves,regular,
28590,Kurtis,9,orange,a-line,,daily,net,solid,solid,three-quarter sleeves,regular,
67183,Women Tops & Tunics,10,default,fitted,regular,,casual,solid,,short sleeves,,knitted
45646,Women Tshirts,8,black,regular,crop,printed,typography,short sleeves,regular sleeves,,,
2129,Men Tshirts,5,default,polo,solid,solid,short sleeves,,,,,
46527,Women Tshirts,8,white,regular,regular,printed,graphic,short sleeves,regular sleeves,,,
68081,Women Tops & Tunics,10,blue,,,,,,,long sleeves,regular sleeves,
19221,Sarees,10,,temple border,small border,cream,party,,,zari woven,ethnic motif,yes
50616,Women Tshirts,8,white,regular,regular,printed,typography,short sleeves,regular sleeves,,,
69260,Women Tops & Tunics,10,,,regular,round neck,,,,,default,
37715,Women Tshirts,8,yellow,regular,regular,default,default,short sleeves,regular sleeves,,,
45791,Women Tshirts,8,default,regular,regular,printed,typography,short sleeves,regular sleeves,,,
56956,Women Tops & Tunics,10,default,fitted,regular,high,casual,default,default,long sleeves,regular sleeves,
65455,Women Tops & Tunics,10,yellow,boxy,crop,round neck,casual,printed,quirky,long sleeves,regular sleeves,default
2776,Men Tshirts,5,white,round,printed,default,short sleeves,,,,,
65183,Women Tops & Tunics,10,default,boxy,crop,round neck,casual,printed,typography,short sleeves,regular sleeves,tie-ups
3466,Men Tshirts,5,white,round,printed,default,short sleeves,,,,,
45982,Women Tshirts,8,default,,regular,printed,typography,short sleeves,regular sleeves,,,
63437,Women Tops & Tunics,10,white,fitted,crop,round neck,casual,solid,solid,short sleeves,regular sleeves,knitted
6370,Men Tshirts,5,,round,,,,,,,,
4971,Men Tshirts,5,default,round,printed,typography,short sleeves,,,,,
58936,Women Tops & Tunics,10,black,,,,,solid,,,regular sleeves,
18385,Sarees,10,same as saree,woven design,small border,default,wedding,default,same as saree,zari woven,ethnic motif,no
40563,Women Tshirts,8,default,regular,regular,printed,quirky,short sleeves,regular sleeves,,,
12007,Sarees,10,,zari,small border,cream,party,,,zari woven,floral,yes
37758,Women Tshirts,8,multicolor,loose,long,printed,typography,short sleeves,regular sleeves,,,
14704,Sarees,10,,zari,small border,cream,party,,,zari woven,botanical,yes
45068,Women Tshirts,8,default,regular,,,,short sleeves,,,,
67996,Women Tops & Tunics,10,default,fitted,regular,round neck,casual,solid,solid,short sleeves,regular sleeves,applique
21128,Sarees,10,,zari,small border,cream,traditional,,,zari woven,floral,yes
62726,Women Tops & Tunics,10,,fitted,,square neck,casual,,solid,long sleeves,,
51219,Women Tshirts,8,white,,,printed,typography,short sleeves,,,,
43531,Women Tshirts,8,,regular,crop,,,short sleeves,,default,,
54557,Women Tops & Tunics,10,black,fitted,regular,default,casual,printed,typography,long sleeves,regular sleeves,
32960,Women Tshirts,8,default,,regular,solid,solid,long sleeves,regular sleeves,,,
31126,Kurtis,9,red,,knee length,daily,,,,short sleeves,regular,
30275,Kurtis,9,multicolor,,calf length,daily,,default,default,three-quarter sleeves,regular,
63352,Women Tops & Tunics,10,,regular,,,casual,,,,puff sleeves,
56815,Women Tops & Tunics,10,white,boxy,crop,round neck,casual,printed,graphic,short sleeves,regular sleeves,
23882,Sarees,10,,zari,small border,white,party,,,zari woven,ethnic motif,no
64753,Women Tops & Tunics,10,default,regular,regular,round neck,casual,solid,solid,long sleeves,regular sleeves,tie-ups
43178,Women Tshirts,8,yellow,,crop,printed,funky print,short sleeves,regular sleeves,,,
45532,Women Tshirts,8,,regular,crop,printed,funky print,,,,,
69432,Women Tops & Tunics,10,white,fitted,,v-neck,casual,solid,solid,,,
20107,Sarees,10,same as saree,woven design,no border,multicolor,party,jacquard,woven design,zari woven,,no
29936,Kurtis,9,red,,knee length,daily,net,,,three-quarter sleeves,regular,
52699,Women Tops & Tunics,10,,,,stylised,,solid,,,puff sleeves,
41774,Women Tshirts,8,default,regular,regular,printed,funky print,short sleeves,regular sleeves,,,
52579,Women Tops & Tunics,10,,,regular,,,solid,,long sleeves,,knitted
10566,Sarees,10,,woven design,,multicolor,wedding,,,,,no
14932,Sarees,10,same as saree,woven design,no border,multicolor,party,jacquard,woven design,zari woven,,no
36558,Women Tshirts,8,multicolor,regular,regular,default,default,short sleeves,regular sleeves,,,
27597,Kurtis,9,maroon,,,party,default,default,default,three-quarter sleeves,regular,
69700,Women Tops & Tunics,10,black,fitted,,,,,,short sleeves,,
54002,Women Tops & Tunics,10,black,boxy,crop,round neck,casual,printed,typography,short sleeves,regular sleeves,
7458,Sarees,10,,woven design,small border,default,traditional,,,default,default,no
17379,Sarees,10,,zari,small border,cream,party,,,zari woven,floral,yes
22487,Sarees,10,same as saree,woven design,big border,multicolor,daily,tassels and latkans,default,printed,checked,no
39182,Women Tshirts,8,default,regular,regular,printed,graphic,short sleeves,regular sleeves,,,
52913,Women Tops & Tunics,10,red,fitted,crop,round neck,casual,solid,solid,long sleeves,regular sleeves,
59203,Women Tops & Tunics,10,yellow,fitted,regular,sweetheart neck,casual,solid,solid,short sleeves,puff sleeves,
8229,Sarees,10,same as saree,zari,big border,default,daily,,zari woven,solid,solid,no
2348,Men Tshirts,5,default,round,,default,short sleeves,,,,,
20746,Sarees,10,same as saree,woven design,big border,multicolor,party,jacquard,woven design,zari woven,,no
39857,Women Tshirts,8,,,crop,,graphic,long sleeves,,,,
3475,Men Tshirts,5,black,round,printed,default,short sleeves,,,,,
48651,Women Tshirts,8,yellow,regular,,,typography,short sleeves,,,,
24283,Sarees,10,,temple border,small border,cream,party,,,zari woven,peacock,no
63741,Women Tops & Tunics,10,pink,default,regular,round neck,casual,,,,default,
43602,Women Tshirts,8,default,regular,regular,printed,,short sleeves,,,,
62757,Women Tops & Tunics,10,white,regular,regular,stylised,casual,solid,solid,short sleeves,puff sleeves,
4856,Men Tshirts,5,black,round,printed,,short sleeves,,,,,
46006,Women Tshirts,8,default,regular,regular,printed,typography,short sleeves,regular sleeves,,,
26286,Kurtis,9,red,straight,calf length,daily,net,default,default,three-quarter sleeves,regular,
19473,Sarees,10,,zari,small border,white,party,,,zari woven,ethnic motif,no
22221,Sarees,10,,,,,party,default,,default,default,
33450,Women Tshirts,8,pink,boxy,crop,printed,typography,long sleeves,cuffed sleeves,,,
67113,Women Tops & Tunics,10,black,regular,regular,round neck,casual,default,solid,short sleeves,regular sleeves,knitted
64902,Women Tops & Tunics,10,navy blue,fitted,regular,square neck,casual,solid,solid,three-quarter sleeves,,
52897,Women Tops & Tunics,10,white,,crop,,casual,,solid,long sleeves,regular sleeves,knitted
23056,Sarees,10,default,default,big border,default,party,,zari woven,zari woven,default,no
7339,Men Tshirts,5,,,,default,,,,,,
11447,Sarees,10,default,default,small border,default,daily,,,default,default,no
63526,Women Tops & Tunics,10,peach,,,,,solid,,three-quarter sleeves,,
6079,Men Tshirts,5,white,round,,,,,,,,
39515,Women Tshirts,8,maroon,regular,regular,printed,funky print,short sleeves,regular sleeves,,,
42523,Women Tshirts,8,pink,regular,crop,printed,quirky,short sleeves,regular sleeves,,,
12678,Sarees,10,same as saree,woven design,big border,multicolor,party,jacquard,woven design,zari woven,,no
44700,Women Tshirts,8,multicolor,regular,crop,printed,typography,short sleeves,regular sleeves,,,
55237,Women Tops & Tunics,10,,,regular,round neck,,printed,default,,,knitted
13304,Sarees,10,default,zari,big border,default,traditional,,zari woven,zari woven,default,no
20988,Sarees,10,same as saree,woven design,big border,multicolor,party,jacquard,woven design,zari woven,,no
64649,Women Tops & Tunics,10,peach,fitted,crop,round neck,casual,solid,solid,short sleeves,default,knitted
37281,Women Tshirts,8,default,regular,long,printed,default,short sleeves,regular sleeves,,,
52531,Women Tops & Tunics,10,green,regular,regular,default,casual,solid,solid,short sleeves,default,ruffles
12865,Sarees,10,same as saree,zari,big border,multicolor,daily,tassels and latkans,default,woven design,checked,no
55724,Women Tops & Tunics,10,white,boxy,crop,round neck,casual,printed,quirky,long sleeves,regular sleeves,
48926,Women Tshirts,8,white,,,,,,,,,
48977,Women Tshirts,8,white,,regular,printed,typography,short sleeves,regular sleeves,,,
24596,Sarees,10,,zari,big border,pink,traditional,,zari woven,zari woven,ethnic motif,no
56966,Women Tops & Tunics,10,navy blue,default,regular,high,casual,solid,solid,short sleeves,default,applique
43983,Women Tshirts,8,,,,,,,,default,,
20300,Sarees,10,,zari,big border,default,party,,,zari woven,default,no
60827,Women Tops & Tunics,10,blue,fitted,crop,round neck,casual,solid,solid,short sleeves,regular sleeves,knitted
20527,Sarees,10,,woven design,,multicolor,wedding,,,,,no
1866,Men Tshirts,5,default,polo,solid,solid,short sleeves,,,,,
35509,Women Tshirts,8,,loose,long,,default,short sleeves,,,,
15346,Sarees,10,,zari,small border,cream,traditional,,,zari woven,ethnic motif,yes
2433,Men Tshirts,5,default,polo,printed,default,short sleeves,,,,,
13983,Sarees,10,,woven design,,multicolor,daily,,,,,no
1019,Men Tshirts,5,default,round,printed,default,short sleeves,,,,,
26471,Kurtis,9,black,straight,calf length,daily,net,default,default,short sleeves,regular,
24439,Sarees,10,same as saree,woven design,small border,multicolor,party,jacquard,woven design,zari woven,,no
1799,Men Tshirts,5,default,round,printed,typography,short sleeves,,,,,
39758,Women Tshirts,8,black,regular,regular,printed,quirky,short sleeves,regular sleeves,,,
68237,Women Tops & Tunics,10,pink,regular,crop,round neck,casual,printed,graphic,short sleeves,regular sleeves,applique
67662,Women Tops & Tunics,10,black,default,regular,default,casual,solid,,short sleeves,default,ruffles
64293,Women Tops & Tunics,10,,fitted,,,casual,,solid,short sleeves,puff sleeves,
16310,Sarees,10,,woven design,big border,default,party,,,default,default,no
40419,Women Tshirts,8,maroon,regular,regular,printed,funky print,short sleeves,regular sleeves,,,
19010,Sarees,10,,zari,small border,cream,party,,,zari woven,elephant,yes
20876,Sarees,10,same as border,temple border,big border,default,party,,zari woven,solid,solid,yes
32225,Kurtis,9,black,,,daily,,,,three-quarter sleeves,regular,
5807,Men Tshirts,5,,,printed,default,,,,,,
20244,Sarees,10,,zari,big border,pink,traditional,,zari woven,zari woven,botanical,no
4918,Men Tshirts,5,default,polo,solid,solid,short sleeves,,,,,
40795,Women Tshirts,8,default,regular,regular,printed,typography,short sleeves,regular sleeves,default,,
20694,Sarees,10,same as saree,woven design,big border,multicolor,party,jacquard,woven design,zari woven,,no
51021,Women Tshirts,8,white,regular,crop,printed,typography,short sleeves,regular sleeves,,,
4724,Men Tshirts,5,default,polo,solid,solid,short sleeves,,,,,
46538,Women Tshirts,8,yellow,regular,regular,printed,typography,short sleeves,regular sleeves,,,
6784,Men Tshirts,5,default,round,,,,,,,,
39491,Women Tshirts,8,default,regular,crop,printed,graphic,short sleeves,regular sleeves,,,
46058,Women Tshirts,8,,,,,funky print,,,,,
58460,Women Tops & Tunics,10,green,,,default,casual,solid,solid,,,
22217,Sarees,10,,zari,small border,cream,party,,,zari woven,peacock,yes
52234,Women Tops & Tunics,10,,default,,default,,,,,,
12845,Sarees,10,,zari,small border,cream,party,,,zari woven,elephant,no
114,Men Tshirts,5,white,round,printed,default,short sleeves,,,,,
53252,Women Tops & Tunics,10,default,,crop,,casual,,solid,,,
1092,Men Tshirts,5,default,polo,solid,solid,short sleeves,,,,,
30731,Kurtis,9,yellow,,calf length,daily,,,,three-quarter sleeves,regular,
49874,Women Tshirts,8,white,,regular,printed,typography,short sleeves,regular sleeves,,,
969,Men Tshirts,5,black,round,printed,default,short sleeves,,,,,
21157,Sarees,10,same as saree,woven design,big border,multicolor,party,jacquard,woven design,zari woven,,no
60402,Women Tops & Tunics,10,,regular,crop,round neck,,solid,,long sleeves,regular sleeves,
32560,Kurtis,9,navy blue,,,daily,,,,three-quarter sleeves,regular,
53968,Women Tops & Tunics,10,yellow,fitted,regular,sweetheart neck,casual,solid,solid,short sleeves,puff sleeves,knitted
26222,Kurtis,9,maroon,straight,knee length,daily,net,default,default,three-quarter sleeves,regular,
39177,Women Tshirts,8,yellow,,regular,printed,funky print,short sleeves,regular sleeves,,,
22267,Sarees,10,same as saree,woven design,small border,multicolor,party,jacquard,woven design,zari woven,applique,no
48015,Women Tshirts,8,default,,,,,,,,,
35473,Women Tshirts,8,maroon,,crop,solid,solid,short sleeves,regular sleeves,,,
56618,Women Tops & Tunics,10,maroon,fitted,regular,sweetheart neck,casual,solid,solid,short sleeves,puff sleeves,ruffles
32875,Women Tshirts,8,multicolor,regular,long,default,default,long sleeves,regular sleeves,,,
60736,Women Tops & Tunics,10,default,fitted,regular,round neck,casual,solid,solid,three-quarter sleeves,default,knitted
53532,Women Tops & Tunics,10,blue,,,,,solid,,,puff sleeves,
4728,Men Tshirts,5,default,polo,solid,solid,short sleeves,,,,,
36934,Women Tshirts,8,pink,regular,long,printed,quirky,short sleeves,regular sleeves,,,
47892,Women Tshirts,8,white,regular,crop,printed,funky print,short sleeves,regular sleeves,,,
15015,Sarees,10,same as saree,woven design,big border,default,daily,,same as saree,zari woven,ethnic motif,no
17473,Sarees,10,,woven design,small border,cream,party,,,woven design,floral,no
55094,Women Tops & Tunics,10,navy blue,fitted,crop,round neck,casual,solid,solid,short sleeves,default,knitted
13473,Sarees,10,,,no border,,,,same as saree,,default,
21750,Sarees,10,,zari,small border,white,party,,,zari woven,floral,no
47787,Women Tshirts,8,,,,,,short sleeves,regular sleeves,default,,
54503,Women Tops & Tunics,10,black,regular,regular,square neck,,solid,solid,,puff sleeves,
42768,Women Tshirts,8,yellow,regular,crop,printed,default,short sleeves,regular sleeves,,,
9628,Sarees,10,,,,,,jacquard,,,,
24522,Sarees,10,same as saree,woven design,small border,multicolor,party,jacquard,woven design,zari woven,,no
65887,Women Tops & Tunics,10,white,regular,,,,solid,solid,,,
43806,Women Tshirts,8,,,,printed,quirky,short sleeves,regular sleeves,,,
10460,Sarees,10,default,default,big border,default,daily,,,default,default,no
33780,Women Tshirts,8,default,regular,long,printed,funky print,default,regular sleeves,,,
59277,Women Tops & Tunics,10,white,regular,regular,round neck,casual,printed,default,short sleeves,puff sleeves,ruffles
24440,Sarees,10,,,,,traditional,,,,,no
16302,Sarees,10,,zari,small border,cream,party,,,zari woven,default,no
19898,Sarees,10,,zari,,default,,,zari woven,,,
8675,Sarees,10,same as saree,zari,small border,cream,party,jacquard,woven design,zari woven,elephant,no
26286,Kurtis,9,red,straight,calf length,daily,net,default,default,three-quarter sleeves,regular,
64873,Women Tops & Tunics,10,black,boxy,crop,default,casual,solid,solid,long sleeves,regular sleeves,
19226,Sarees,10,,zari,small border,white,party,,,zari woven,peacock,no
8888,Sarees,10,same as border,woven design,big border,default,wedding,,,zari woven,default,no
63539,Women Tops & Tunics,10,default,boxy,crop,round neck,casual,printed,quirky,short sleeves,regular sleeves,
51676,Women Tops & Tunics,10,white,regular,regular,round neck,,printed,,short sleeves,regular sleeves,
63133,Women Tops & Tunics,10,maroon,fitted,crop,sweetheart neck,casual,solid,solid,long sleeves,puff sleeves,waist tie-ups
47929,Women Tshirts,8,yellow,,crop,,typography,,,,,
56202,Women Tops & Tunics,10,,fitted,,square neck,casual,,,,,
60906,Women Tops & Tunics,10,maroon,fitted,regular,v-neck,,,solid,,puff sleeves,
17379,Sarees,10,,zari,small border,cream,party,,,zari woven,floral,yes
13906,Sarees,10,,woven design,,multicolor,daily,,,,,no
42822,Women Tshirts,8,default,regular,regular,printed,typography,short sleeves,regular sleeves,default,,
19613,Sarees,10,same as saree,woven design,big border,multicolor,traditional,,same as saree,zari woven,ethnic motif,no
69719,Women Tops & Tunics,10,red,regular,regular,round neck,,printed,graphic,sleeveless,regular sleeves,
18099,Sarees,10,,zari,small border,white,party,,,zari woven,elephant,no
19717,Sarees,10,,zari,small border,cream,party,,,zari woven,ethnic motif,yes
54752,Women Tops & Tunics,10,blue,default,regular,high,casual,solid,solid,short sleeves,default,applique
31608,Kurtis,9,maroon,,,daily,,,solid,three-quarter sleeves,regular,
34167,Women Tshirts,8,multicolor,regular,long,default,default,short sleeves,regular sleeves,,,
26222,Kurtis,9,maroon,straight,knee length,daily,net,default,default,three-quarter sleeves,regular,
23858,Sarees,10,,zari,small border,cream,party,,,zari woven,ethnic motif,yes
60069,Women Tops & Tunics,10,black,,regular,,casual,solid,,long sleeves,,
25354,Sarees,10,,temple border,small border,white,party,,,zari woven,peacock,no
326,Men Tshirts,5,white,polo,solid,solid,short sleeves,,,,,
44328,Women Tshirts,8,black,regular,crop,printed,typography,short sleeves,regular sleeves,,,
61200,Women Tops & Tunics,10,red,regular,regular,default,casual,solid,solid,short sleeves,default,ruffles
22897,Sarees,10,,,,,,,,,floral,
58805,Women Tops & Tunics,10,navy blue,fitted,regular,round neck,casual,solid,solid,three-quarter sleeves,,knitted
23394,Sarees,10,,zari,small border,cream,party,,,zari woven,default,yes
50196,Women Tshirts,8,,regular,,,typography,,,,,
60778,Women Tops & Tunics,10,white,fitted,crop,round neck,casual,solid,solid,sleeveless,sleeveless,
45154,Women Tshirts,8,,,,,quirky,short sleeves,,,,
28870,Kurtis,9,maroon,a-line,knee length,daily,net,,,three-quarter sleeves,regular,
484,Men Tshirts,5,default,,printed,default,short sleeves,,,,,
16993,Sarees,10,,zari,small border,cream,party,,,zari woven,elephant,no
24664,Sarees,10,same as saree,woven design,big border,multicolor,party,jacquard,woven design,zari woven,,no
61749,Women Tops & Tunics,10,yellow,fitted,regular,square neck,casual,solid,solid,short sleeves,,ruffles
63926,Women Tops & Tunics,10,black,fitted,regular,round neck,casual,solid,solid,short sleeves,regular sleeves,knitted
29993,Kurtis,9,red,,knee length,daily,net,,,short sleeves,sleeveless,
19485,Sarees,10,,woven design,,multicolor,traditional,,,,,no
50857,Women Tshirts,8,white,regular,regular,printed,typography,short sleeves,regular sleeves,,,
28297,Kurtis,9,black,a-line,calf length,party,,solid,solid,three-quarter sleeves,regular,
27573,Kurtis,9,maroon,,calf length,daily,default,default,default,three-quarter sleeves,regular,
3277,Men Tshirts,5,multicolor,round,,default,short sleeves,,,,,
27612,Kurtis,9,,,calf length,,default,default,default,three-quarter sleeves,regular,
68610,Women Tops & Tunics,10,peach,,regular,sweetheart neck,,,,,puff sleeves,
39726,Women Tshirts,8,,loose,regular,,graphic,,,,,
18618,Sarees,10,same as saree,woven design,small border,multicolor,party,jacquard,woven design,zari woven,applique,no
1956,Men Tshirts,5,white,round,printed,default,short sleeves,,,,,
36299,Women Tshirts,8,multicolor,regular,regular,default,default,short sleeves,regular sleeves,,,
32524,Kurtis,9,black,,,daily,,,,short sleeves,regular,
8422,Sarees,10,same as saree,zari,small border,cream,party,jacquard,woven design,zari woven,peacock,no
29812,Kurtis,9,yellow,,calf length,daily,,,,three-quarter sleeves,regular,
4359,Men Tshirts,5,default,polo,solid,solid,short sleeves,,,,,
949,Men Tshirts,5,default,polo,solid,solid,,,,,,
7771,Sarees,10,default,no border,no border,default,party,,zari woven,zari woven,default,no
4834,Men Tshirts,5,white,round,printed,default,short sleeves,,,,,
58699,Women Tops & Tunics,10,navy blue,fitted,regular,round neck,casual,solid,solid,long sleeves,regular sleeves,knitted
33730,Women Tshirts,8,default,regular,regular,printed,funky print,long sleeves,cuffed sleeves,,,
14944,Sarees,10,,zari,small border,white,traditional,,,zari woven,elephant,yes
3371,Men Tshirts,5,default,polo,printed,default,short sleeves,,,,,
13818,Sarees,10,,zari,small border,white,party,,,zari woven,floral,no
49907,Women Tshirts,8,white,,,,,,,,,
28537,Kurtis,9,yellow,,,daily,net,solid,solid,three-quarter sleeves,regular,
23607,Sarees,10,,default,,default,daily,,zari woven,zari woven,ethnic motif,no
64211,Women Tops & Tunics,10,pink,boxy,crop,round neck,casual,printed,graphic,short sleeves,regular sleeves,waist tie-ups
5691,Men Tshirts,5,default,round,,,short sleeves,,,,,
13315,Sarees,10,same as border,woven design,big border,multicolor,traditional,,,zari woven,ethnic motif,no
10,Men Tshirts,5,black,round,printed,default,short sleeves,,,,,
21746,Sarees,10,same as saree,zari,small border,cream,party,jacquard,woven design,zari woven,elephant,no
23834,Sarees,10,same as saree,zari,small border,cream,traditional,jacquard,woven design,zari woven,peacock,no
26126,Kurtis,9,red,straight,knee length,daily,net,default,default,three-quarter sleeves,regular,
52166,Women Tops & Tunics,10,maroon,fitted,crop,high,casual,solid,solid,short sleeves,regular sleeves,knitted
19445,Sarees,10,default,zari,big border,cream,traditional,jacquard,default,zari woven,ethnic motif,no
2872,Men Tshirts,5,default,polo,solid,solid,short sleeves,,,,,
61942,Women Tops & Tunics,10,white,,,,,,,,,knitted
66266,Women Tops & Tunics,10,multicolor,,,default,casual,printed,,,,
16433,Sarees,10,same as border,temple border,big border,default,party,,zari woven,solid,solid,no
59129,Women Tops & Tunics,10,,,,round neck,,,default,,,knitted
42028,Women Tshirts,8,multicolor,,crop,printed,default,short sleeves,regular sleeves,,,
19939,Sarees,10,,zari,small border,cream,traditional,,,zari woven,peacock,yes
41261,Women Tshirts,8,default,regular,crop,printed,quirky,short sleeves,regular sleeves,,,
48051,Women Tshirts,8,white,regular,regular,printed,funky print,short sleeves,regular sleeves,,,
53489,Women Tops & Tunics,10,pink,boxy,crop,v-neck,casual,printed,typography,short sleeves,regular sleeves,
28312,Kurtis,9,maroon,a-line,calf length,daily,net,solid,solid,three-quarter sleeves,regular,
37741,Women Tshirts,8,default,regular,regular,solid,solid,short sleeves,regular sleeves,,,
54229,Women Tops & Tunics,10,,,,,,,solid,three-quarter sleeves,,
41528,Women Tshirts,8,multicolor,regular,regular,printed,default,short sleeves,regular sleeves,,,
56700,Women Tops & Tunics,10,,,,,,,,,default,
68155,Women Tops & Tunics,10,,,regular,,,solid,,three-quarter sleeves,,
37903,Women Tshirts,8,multicolor,regular,crop,printed,solid,short sleeves,regular sleeves,,,
43039,Women Tshirts,8,multicolor,regular,regular,printed,default,short sleeves,regular sleeves,,,
37233,Women Tshirts,8,yellow,regular,regular,default,default,short sleeves,regular sleeves,,,
46569,Women Tshirts,8,pink,regular,regular,printed,typography,short sleeves,regular sleeves,,,
16867,Sarees,10,same as saree,woven design,big border,multicolor,party,jacquard,woven design,zari woven,,no
65130,Women Tops & Tunics,10,white,regular,,,,,solid,,,
21727,Sarees,10,same as saree,woven design,,multicolor,party,jacquard,woven design,zari woven,applique,no
54348,Women Tops & Tunics,10,green,default,regular,v-neck,casual,solid,solid,short sleeves,,waist tie-ups
46654,Women Tshirts,8,white,regular,regular,printed,graphic,short sleeves,regular sleeves,,,
31818,Kurtis,9,red,,,daily,,,,three-quarter sleeves,regular,
38016,Women Tshirts,8,white,regular,crop,printed,graphic,long sleeves,regular sleeves,,,
1643,Men Tshirts,5,multicolor,round,solid,solid,short sleeves,,,,,
32541,Kurtis,9,maroon,,,daily,,,,three-quarter sleeves,regular,
34410,Women Tshirts,8,yellow,,crop,solid,solid,short sleeves,regular sleeves,,,
1348,Men Tshirts,5,black,round,printed,default,short sleeves,,,,,
36426,Women Tshirts,8,multicolor,loose,regular,printed,default,short sleeves,regular sleeves,,,
34788,Women Tshirts,8,yellow,regular,regular,printed,funky print,long sleeves,regular sleeves,,,
56631,Women Tops & Tunics,10,red,fitted,,,,,,,regular sleeves,knitted
43456,Women Tshirts,8,default,regular,crop,printed,funky print,short sleeves,regular sleeves,,,
65703,Women Tops & Tunics,10,pink,regular,crop,round neck,,printed,,short sleeves,regular sleeves,
64017,Women Tops & Tunics,10,black,fitted,crop,sweetheart neck,casual,solid,solid,long sleeves,regular sleeves,knitted
35233,Women Tshirts,8,multicolor,regular,regular,default,default,short sleeves,regular sleeves,,,
49620,Women Tshirts,8,white,regular,crop,printed,typography,short sleeves,regular sleeves,,,
19211,Sarees,10,,zari,small border,cream,party,,,zari woven,floral,no
52130,Women Tops & Tunics,10,,,,,,,,,puff sleeves,
2963,Men Tshirts,5,default,round,printed,default,short sleeves,,,,,
54148,Women Tops & Tunics,10,pink,fitted,crop,round neck,casual,solid,solid,short sleeves,regular sleeves,knitted
31324,Kurtis,9,maroon,,,party,,,,three-quarter sleeves,regular,
43559,Women Tshirts,8,,,crop,,funky print,short sleeves,regular sleeves,,,
26819,Kurtis,9,black,straight,knee length,daily,net,solid,solid,three-quarter sleeves,regular,
58993,Women Tops & Tunics,10,blue,regular,regular,round neck,casual,solid,solid,three-quarter sleeves,puff sleeves,ruffles
4485,Men Tshirts,5,black,,printed,typography,short sleeves,,,,,
13154,Sarees,10,,zari,small border,cream,party,,,zari woven,elephant,no
40391,Women Tshirts,8,default,regular,crop,printed,typography,long sleeves,regular sleeves,,,
11713,Sarees,10,,zari,small border,cream,traditional,,,zari woven,floral,no
18504,Sarees,10,,temple border,small border,cream,party,,,zari woven,peacock,no
40750,Women Tshirts,8,white,loose,regular,printed,typography,default,regular sleeves,,,
40218,Women Tshirts,8,black,regular,regular,printed,graphic,short sleeves,regular sleeves,,,
47512,Women Tshirts,8,default,,,printed,,short sleeves,regular sleeves,,,
66128,Women Tops & Tunics,10,black,boxy,crop,round neck,casual,printed,typography,short sleeves,regular sleeves,
70341,Women Tops & Tunics,10,multicolor,regular,crop,v-neck,,default,solid,short sleeves,,
45983,Women Tshirts,8,,regular,crop,,,short sleeves,,default,,
70190,Women Tops & Tunics,10,,,,square neck,,,solid,short sleeves,,
6512,Men Tshirts,5,white,,,,,,,,,
15891,Sarees,10,,zari,small border,cream,party,,,zari woven,default,no
6221,Men Tshirts,5,,round,printed,,,,,,,
47596,Women Tshirts,8,white,regular,crop,printed,funky print,short sleeves,regular sleeves,,,
35148,Women Tshirts,8,multicolor,loose,regular,printed,funky print,short sleeves,regular sleeves,,,
23198,Sarees,10,,zari,small border,cream,party,,,zari woven,floral,yes
7245,Men Tshirts,5,,round,,,,,,,,
5666,Men Tshirts,5,default,,printed,,,,,,,
57910,Women Tops & Tunics,10,red,,,,,solid,,three-quarter sleeves,,
44806,Women Tshirts,8,black,regular,regular,printed,typography,short sleeves,regular sleeves,,,
25126,Sarees,10,,zari,small border,cream,party,,,zari woven,default,no
52100,Women Tops & Tunics,10,navy blue,,regular,,casual,,solid,,,knitted
61415,Women Tops & Tunics,10,white,fitted,regular,high,casual,solid,solid,short sleeves,regular sleeves,knitted
43634,Women Tshirts,8,default,regular,crop,printed,typography,short sleeves,regular sleeves,,,
63903,Women Tops & Tunics,10,black,,regular,,,solid,solid,short sleeves,,
4424,Men Tshirts,5,white,polo,solid,solid,short sleeves,,,,,
9626,Sarees,10,,zari,small border,cream,party,,,zari woven,floral,no
51966,Women Tops & Tunics,10,white,boxy,crop,high,casual,printed,typography,short sleeves,regular sleeves,
37905,Women Tshirts,8,yellow,regular,crop,printed,funky print,short sleeves,regular sleeves,,,
64565,Women Tops & Tunics,10,default,,crop,round neck,casual,solid,solid,,regular sleeves,
25889,Kurtis,9,black,a-line,knee length,daily,default,default,default,three-quarter sleeves,regular,
8111,Sarees,10,,woven design,big border,default,traditional,,same as saree,zari woven,ethnic motif,no
16489,Sarees,10,,zari,small border,cream,party,,,zari woven,peacock,yes
33028,Women Tshirts,8,yellow,loose,long,printed,graphic,short sleeves,regular sleeves,,,
6155,Men Tshirts,5,multicolor,polo,,,short sleeves,,,,,
56772,Women Tops & Tunics,10,yellow,default,crop,high,casual,solid,solid,short sleeves,regular sleeves,knitted
67030,Women Tops & Tunics,10,black,,,,,,,,,knitted
68298,Women Tops & Tunics,10,red,regular,regular,round neck,casual,solid,solid,three-quarter sleeves,regular sleeves,ruffles
23746,Sarees,10,same as saree,woven design,no border,multicolor,party,jacquard,woven design,zari woven,,no
26237,Kurtis,9,black,straight,knee length,daily,net,default,default,three-quarter sleeves,regular,
57704,Women Tops & Tunics,10,white,regular,regular,default,casual,solid,solid,short sleeves,default,
8442,Sarees,10,same as saree,woven design,no border,multicolor,party,jacquard,woven design,zari woven,,no
6708,Men Tshirts,5,,,printed,default,short sleeves,,,,,
26114,Kurtis,9,red,straight,knee length,daily,net,default,default,short sleeves,regular,
52808,Women Tops & Tunics,10,peach,regular,regular,round neck,casual,solid,solid,three-quarter sleeves,puff sleeves,ruffles
49224,Women Tshirts,8,,,,,typography,,regular sleeves,,,
35438,Women Tshirts,8,white,loose,long,printed,default,short sleeves,regular sleeves,,,
57414,Women Tops & Tunics,10,,,,,,,,,default,knitted
8057,Sarees,10,,,,default,traditional,,,zari woven,ethnic motif,no
27576,Kurtis,9,,a-line,calf length,daily,default,default,default,three-quarter sleeves,regular,
53050,Women Tops & Tunics,10,default,,,,,,,,,
13310,Sarees,10,default,zari,big border,white,traditional,jacquard,default,zari woven,ethnic motif,no
60773,Women Tops & Tunics,10,black,fitted,regular,sweetheart neck,casual,solid,solid,short sleeves,puff sleeves,
15702,Sarees,10,same as saree,woven design,small border,multicolor,party,jacquard,woven design,zari woven,,no
25104,Sarees,10,,zari,small border,cream,party,,,zari woven,floral,yes
44605,Women Tshirts,8,black,,regular,printed,typography,short sleeves,regular sleeves,,,
49962,Women Tshirts,8,white,,,,,,,,,
6175,Men Tshirts,5,white,,,default,short sleeves,,,,,
69769,Women Tops & Tunics,10,,,regular,,,,,short sleeves,puff sleeves,knitted
20202,Sarees,10,solid,zari,big border,default,daily,,zari woven,solid,solid,no
12090,Sarees,10,same as border,woven design,big border,default,traditional,,same as saree,zari woven,default,no
11615,Sarees,10,same as border,zari,small border,white,party,,zari woven,zari woven,floral,no
3380,Men Tshirts,5,default,round,solid,solid,short sleeves,,,,,
13285,Sarees,10,same as saree,zari,big border,multicolor,party,tassels and latkans,default,printed,checked,no
43856,Women Tshirts,8,white,regular,regular,printed,funky print,short sleeves,regular sleeves,,,
20782,Sarees,10,same as saree,zari,big border,white,traditional,,,zari woven,peacock,no
34254,Women Tshirts,8,white,boxy,crop,printed,quirky,long sleeves,cuffed sleeves,,,
41408,Women Tshirts,8,default,regular,regular,printed,typography,short sleeves,regular sleeves,default,,
48824,Women Tshirts,8,white,,regular,printed,typography,short sleeves,regular sleeves,,,
13157,Sarees,10,,default,,default,,,,,,yes
18908,Sarees,10,,zari,big border,default,party,,,zari woven,default,no
16381,Sarees,10,,solid,small border,white,party,,,zari woven,floral,no
69337,Women Tops & Tunics,10,,,,default,,,,,,
30190,Kurtis,9,black,,,daily,,solid,solid,three-quarter sleeves,regular,
54910,Women Tops & Tunics,10,pink,,,,,,solid,,,
59996,Women Tops & Tunics,10,black,boxy,crop,round neck,casual,printed,graphic,short sleeves,regular sleeves,ruffles
20186,Sarees,10,,,,,,default,,,default,
28210,Kurtis,9,white,,,daily,,default,default,,regular,
38240,Women Tshirts,8,black,regular,regular,printed,funky print,short sleeves,regular sleeves,,,
65389,Women Tops & Tunics,10,default,,,,casual,,,,,
7817,Sarees,10,default,zari,big border,default,traditional,,zari woven,zari woven,ethnic motif,no
43565,Women Tshirts,8,pink,regular,regular,printed,typography,short sleeves,regular sleeves,,,
22472,Sarees,10,,woven design,big border,default,traditional,,same as saree,default,default,no
55436,Women Tops & Tunics,10,white,regular,,,casual,,,short sleeves,regular sleeves,
34562,Women Tshirts,8,maroon,regular,crop,printed,funky print,long sleeves,cuffed sleeves,,,
62449,Women Tops & Tunics,10,black,fitted,crop,round neck,casual,printed,quirky,sleeveless,sleeveless,
60673,Women Tops & Tunics,10,black,boxy,regular,round neck,casual,printed,typography,short sleeves,regular sleeves,
41220,Women Tshirts,8,yellow,boxy,crop,printed,typography,short sleeves,regular sleeves,,,
9408,Sarees,10,same as saree,woven design,big border,multicolor,party,jacquard,woven design,zari woven,,no
44940,Women Tshirts,8,white,regular,regular,printed,graphic,short sleeves,regular sleeves,,,
68427,Women Tops & Tunics,10,default,,,,,solid,,,,
61009,Women Tops & Tunics,10,,,crop,,,,,long sleeves,regular sleeves,
12796,Sarees,10,,default,,default,daily,,default,,default,no
66408,Women Tops & Tunics,10,black,fitted,crop,default,casual,solid,solid,sleeveless,default,
12104,Sarees,10,same as saree,woven design,no border,multicolor,party,jacquard,woven design,zari woven,,no
42452,Women Tshirts,8,pink,regular,crop,printed,quirky,short sleeves,regular sleeves,,,
32826,Women Tshirts,8,multicolor,regular,long,default,default,long sleeves,regular sleeves,,,
59472,Women Tops & Tunics,10,pink,regular,regular,round neck,casual,printed,quirky,short sleeves,regular sleeves,applique
1925,Men Tshirts,5,multicolor,polo,solid,solid,short sleeves,,,,,
55157,Women Tops & Tunics,10,black,fitted,regular,round neck,casual,solid,solid,short sleeves,puff sleeves,knitted
55343,Women Tops & Tunics,10,blue,regular,regular,round neck,casual,solid,solid,long sleeves,regular sleeves,tie-ups
64137,Women Tops & Tunics,10,navy blue,fitted,regular,round neck,casual,solid,solid,three-quarter sleeves,default,knitted
47234,Women Tshirts,8,default,regular,regular,printed,typography,short sleeves,regular sleeves,,,
471,Men Tshirts,5,black,round,solid,solid,short sleeves,,,,,
17132,Sarees,10,same as border,woven design,small border,multicolor,traditional,,same as saree,zari woven,default,no
53148,Women Tops & Tunics,10,navy blue,regular,regular,default,casual,printed,default,three-quarter sleeves,regular sleeves,
56996,Women Tops & Tunics,10,,,,,,,solid,,puff sleeves,
69013,Women Tops & Tunics,10,,,crop,high,,solid,solid,short sleeves,,
24454,Sarees,10,,zari,small border,cream,party,,,zari woven,peacock,no
16845,Sarees,10,,solid,small border,cream,party,,,woven design,floral,yes
48067,Women Tshirts,8,,,,,,,,default,,
53675,Women Tops & Tunics,10,black,regular,regular,v-neck,casual,printed,default,long sleeves,default,
2874,Men Tshirts,5,black,round,printed,typography,long sleeves,,,,,
31861,Kurtis,9,yellow,,calf length,daily,,,,three-quarter sleeves,regular,
9908,Sarees,10,,zari,small border,cream,party,,,zari woven,peacock,no
61122,Women Tops & Tunics,10,blue,fitted,regular,square neck,casual,solid,solid,short sleeves,,knitted
68876,Women Tops & Tunics,10,white,default,crop,round neck,casual,printed,default,short sleeves,,tie-ups
51821,Women Tops & Tunics,10,,,,default,,printed,,,,
64026,Women Tops & Tunics,10,black,fitted,crop,round neck,casual,printed,quirky,sleeveless,sleeveless,
44419,Women Tshirts,8,,,,printed,,short sleeves,regular sleeves,default,,
4739,Men Tshirts,5,black,round,,default,short sleeves,,,,,
36507,Women Tshirts,8,maroon,regular,crop,solid,solid,short sleeves,regular sleeves,,,
6821,Men Tshirts,5,black,,printed,,,,,,,
34307,Women Tshirts,8,black,regular,crop,printed,quirky,long sleeves,cuffed sleeves,,,
28147,Kurtis,9,pink,a-line,knee length,daily,,solid,solid,sleeveless,sleeveless,
68474,Women Tops & Tunics,10,,fitted,,high,,,solid,short sleeves,,
32654,Women Tshirts,8,yellow,loose,long,default,default,short sleeves,regular sleeves,,,
36589,Women Tshirts,8,pink,regular,crop,printed,typography,long sleeves,cuffed sleeves,,,
23923,Sarees,10,,zari,small border,cream,party,,,zari woven,floral,no
26867,Kurtis,9,navy blue,straight,knee length,daily,net,default,default,three-quarter sleeves,regular,
63953,Women Tops & Tunics,10,red,fitted,regular,square neck,casual,printed,default,short sleeves,,knitted
67135,Women Tops & Tunics,10,,,,square neck,,,solid,,,knitted
5183,Men Tshirts,5,default,polo,solid,solid,short sleeves,,,,,
70343,Women Tops & Tunics,10,,,,,,solid,,,puff sleeves,
14230,Sarees,10,same as border,woven design,small border,multicolor,wedding,,,zari woven,ethnic motif,no
23759,Sarees,10,,woven design,big border,default,daily,,,,,no
6817,Men Tshirts,5,default,,printed,,,,,,,
50864,Women Tshirts,8,white,regular,regular,printed,typography,short sleeves,regular sleeves,,,
16348,Sarees,10,,woven design,,multicolor,traditional,,,,,no
25994,Kurtis,9,grey,a-line,calf length,daily,default,default,default,three-quarter sleeves,regular,
37621,Women Tshirts,8,yellow,regular,crop,printed,typography,long sleeves,cuffed sleeves,,,
10386,Sarees,10,same as saree,woven design,small border,multicolor,party,jacquard,woven design,zari woven,,no
13082,Sarees,10,,woven design,,multicolor,daily,,,,,no
32009,Kurtis,9,navy blue,,,daily,,,,three-quarter sleeves,regular,
39442,Women Tshirts,8,,regular,regular,printed,quirky,short sleeves,regular sleeves,default,,
19655,Sarees,10,,woven design,,multicolor,traditional,,,,,no
20274,Sarees,10,same as saree,woven design,small border,multicolor,party,jacquard,woven design,zari woven,applique,no
3200,Men Tshirts,5,multicolor,polo,solid,solid,short sleeves,,,,,
52147,Women Tops & Tunics,10,green,regular,crop,default,casual,solid,solid,short sleeves,regular sleeves,
44395,Women Tshirts,8,default,,,,,,,,,
39433,Women Tshirts,8,black,regular,crop,printed,funky print,short sleeves,regular sleeves,,,
26884,Kurtis,9,maroon,straight,knee length,daily,net,default,default,three-quarter sleeves,regular,
40060,Women Tshirts,8,yellow,regular,crop,printed,funky print,short sleeves,regular sleeves,,,
66560,Women Tops & Tunics,10,,,regular,square neck,,printed,,short sleeves,,
29790,Kurtis,9,blue,a-line,,daily,,default,,three-quarter sleeves,regular,
55083,Women Tops & Tunics,10,pink,,crop,,,solid,solid,,,
66439,Women Tops & Tunics,10,black,fitted,regular,high,casual,solid,solid,short sleeves,regular sleeves,
23849,Sarees,10,,woven design,,multicolor,traditional,,,,,no
42525,Women Tshirts,8,yellow,,crop,printed,default,short sleeves,regular sleeves,,,
69931,Women Tops & Tunics,10,,,,square neck,,,,,,
4088,Men Tshirts,5,default,polo,solid,solid,short sleeves,,,,,
54639,Women Tops & Tunics,10,white,regular,regular,,casual,solid,,,,
47442,Women Tshirts,8,yellow,,crop,printed,typography,short sleeves,regular sleeves,,,
40751,Women Tshirts,8,maroon,,crop,solid,,,regular sleeves,,,
13588,Sarees,10,same as saree,woven design,no border,multicolor,party,jacquard,woven design,zari woven,,no
54503,Women Tops & Tunics,10,black,regular,regular,square neck,,solid,solid,,puff sleeves,
36589,Women Tshirts,8,pink,regular,crop,printed,typography,long sleeves,cuffed sleeves,,,
39707,Women Tshirts,8,yellow,regular,regular,printed,funky print,short sleeves,regular sleeves,,,
18789,Sarees,10,same as saree,woven design,big border,default,traditional,,same as saree,zari woven,ethnic motif,no
46251,Women Tshirts,8,black,regular,crop,printed,typography,short sleeves,regular sleeves,,,
50085,Women Tshirts,8,,,,printed,typography,,,,,
15646,Sarees,10,same as border,zari,big border,yellow,traditional,jacquard,zari woven,zari woven,ethnic motif,no
30288,Kurtis,9,red,,,daily,net,solid,solid,three-quarter sleeves,regular,
26438,Kurtis,9,maroon,straight,knee length,daily,net,default,default,three-quarter sleeves,regular,
34503,Women Tshirts,8,black,loose,long,printed,quirky,short sleeves,regular sleeves,,,
59855,Women Tops & Tunics,10,default,fitted,crop,round neck,casual,printed,quirky,sleeveless,sleeveless,
65705,Women Tops & Tunics,10,white,boxy,crop,round neck,casual,printed,typography,short sleeves,regular sleeves,waist tie-ups
46528,Women Tshirts,8,black,regular,regular,printed,typography,short sleeves,regular sleeves,,,
27622,Kurtis,9,black,a-line,knee length,daily,net,solid,solid,three-quarter sleeves,regular,
28426,Kurtis,9,red,a-line,knee length,daily,net,solid,solid,sleeveless,sleeveless,
66528,Women Tops & Tunics,10,yellow,boxy,crop,round neck,casual,printed,floral,long sleeves,regular sleeves,
35551,Women Tshirts,8,black,regular,long,printed,funky print,short sleeves,regular sleeves,,,
22256,Sarees,10,,zari,small border,white,party,,,zari woven,ethnic motif,no
17560,Sarees,10,,zari,big border,default,party,,zari woven,zari woven,ethnic motif,no
29745,Kurtis,9,navy blue,,,daily,,,default,three-quarter sleeves,regular,
23423,Sarees,10,,zari,small border,white,party,,,zari woven,ethnic motif,no
18373,Sarees,10,same as border,zari,big border,default,traditional,jacquard,zari woven,zari woven,ethnic motif,no
3522,Men Tshirts,5,white,round,printed,typography,short sleeves,,,,,
50584,Women Tshirts,8,white,regular,regular,printed,typography,short sleeves,regular sleeves,,,
64698,Women Tops & Tunics,10,peach,regular,crop,round neck,casual,default,default,short sleeves,regular sleeves,knitted
21607,Sarees,10,default,zari,big border,multicolor,daily,jacquard,default,printed,default,no
20214,Sarees,10,same as border,zari,big border,default,party,,zari woven,solid,solid,yes
41484,Women Tshirts,8,default,regular,crop,printed,default,short sleeves,regular sleeves,,,
66896,Women Tops & Tunics,10,,default,,,,,,,,
9510,Sarees,10,same as border,woven design,,multicolor,daily,,,,,no
5984,Men Tshirts,5,,round,solid,,short sleeves,,,,,
34408,Women Tshirts,8,default,boxy,crop,printed,typography,long sleeves,,,,
52282,Women Tops & Tunics,10,,,,,,,,,puff sleeves,
27856,Kurtis,9,black,a-line,knee length,daily,,solid,solid,three-quarter sleeves,regular,
50656,Women Tshirts,8,,regular,,printed,typography,,,,,
8664,Sarees,10,default,default,,multicolor,daily,,same as saree,default,default,no
63216,Women Tops & Tunics,10,black,fitted,regular,,,,,long sleeves,,
12152,Sarees,10,,zari,small border,cream,party,,,zari woven,peacock,no
36198,Women Tshirts,8,multicolor,regular,regular,default,default,short sleeves,regular sleeves,,,
2258,Men Tshirts,5,multicolor,polo,solid,solid,short sleeves,,,,,
16537,Sarees,10,,,,default,party,default,zari woven,zari woven,default,no
26696,Kurtis,9,red,straight,knee length,daily,net,default,default,three-quarter sleeves,regular,
2782,Men Tshirts,5,default,round,printed,default,short sleeves,,,,,
66638,Women Tops & Tunics,10,black,boxy,crop,round neck,casual,printed,typography,short sleeves,regular sleeves,
